timestamp,loss,rung,trial_id,params
1767920992.0681238,8.071177,0,45334be0,"{'lr': 4.103504864463433e-05, 'batch_size': 16, 'dropout': 0.06620346857806615, 'reg_weight': 0.00033616490930191064, 'mahalanobis_threshold': 9.632149649993384, 'kernel_size': 5, 'tcn_channel_size': 96, 'num_tcn_layers': 5, 'model': 'eskf_tcn', 'trial_id': '45334be0', 'target_rung': 0, 'epochs': 5}"
1767921193.001185,5.64955,0,609aa99f,"{'lr': 0.0007450562666744134, 'batch_size': 16, 'dropout': 0.13464222056577135, 'reg_weight': 1.3612326598283595e-05, 'mahalanobis_threshold': 9.892824347323364, 'kernel_size': 7, 'tcn_channel_size': 96, 'num_tcn_layers': 4, 'model': 'eskf_tcn', 'trial_id': '609aa99f', 'target_rung': 0, 'epochs': 5}"
1767921415.899495,5.842474,0,a20193a8,"{'lr': 8.858751778172425e-05, 'batch_size': 16, 'dropout': 0.23596347519634442, 'reg_weight': 4.933091217206619e-06, 'mahalanobis_threshold': 18.438531292828472, 'kernel_size': 3, 'tcn_channel_size': 96, 'num_tcn_layers': 5, 'model': 'eskf_tcn', 'trial_id': 'a20193a8', 'target_rung': 0, 'epochs': 5}"
1767921449.77707,8.454022,0,997e9ba2,"{'lr': 0.00031523428444340303, 'batch_size': 16, 'dropout': 0.16654044920991024, 'reg_weight': 3.5943489740040632e-06, 'mahalanobis_threshold': 11.158135831989345, 'kernel_size': 5, 'tcn_channel_size': 32, 'num_tcn_layers': 4, 'model': 'eskf_tcn', 'trial_id': '997e9ba2', 'target_rung': 0, 'epochs': 5}"
1767921575.643896,10.797314,0,e68601d6,"{'lr': 2.9050929130794514e-05, 'batch_size': 16, 'dropout': 0.1430308907334114, 'reg_weight': 3.9392724036757685e-06, 'mahalanobis_threshold': 15.13757277770173, 'kernel_size': 3, 'tcn_channel_size': 96, 'num_tcn_layers': 4, 'model': 'eskf_tcn', 'trial_id': 'e68601d6', 'target_rung': 0, 'epochs': 5}"
1767921598.25657,6.268867,0,92f87c21,"{'lr': 1.6400485851049153e-05, 'batch_size': 16, 'dropout': 0.0946409067627517, 'reg_weight': 0.00012094029132422104, 'mahalanobis_threshold': 11.004915791276527, 'kernel_size': 7, 'tcn_channel_size': 32, 'num_tcn_layers': 5, 'model': 'eskf_tcn', 'trial_id': '92f87c21', 'target_rung': 0, 'epochs': 5}"
1767921598.5110989,6.262219,0,d09df26f,"{'lr': 0.00015051180193088724, 'batch_size': 16, 'dropout': 0.20539146838847017, 'reg_weight': 5.118067643883286e-05, 'mahalanobis_threshold': 16.632675724075348, 'kernel_size': 7, 'tcn_channel_size': 32, 'num_tcn_layers': 5, 'model': 'eskf_tcn', 'trial_id': 'd09df26f', 'target_rung': 0, 'epochs': 5}"
1767921617.511293,3757.102132,0,51a0a7df,"{'lr': 7.032337642091299e-05, 'batch_size': 16, 'dropout': 0.1812253582251232, 'reg_weight': 1.5394614321436971e-06, 'mahalanobis_threshold': 17.866200804699083, 'kernel_size': 3, 'tcn_channel_size': 32, 'num_tcn_layers': 3, 'model': 'eskf_tcn', 'trial_id': '51a0a7df', 'target_rung': 0, 'epochs': 5}"
1767921713.803391,12.565331,0,0e4947b4,"{'lr': 1.6140545547995835e-05, 'batch_size': 16, 'dropout': 0.21760429673131204, 'reg_weight': 1.784039704312594e-06, 'mahalanobis_threshold': 8.7508010212046, 'kernel_size': 5, 'tcn_channel_size': 64, 'num_tcn_layers': 5, 'model': 'eskf_tcn', 'trial_id': '0e4947b4', 'target_rung': 0, 'epochs': 5}"
1767921761.775074,184.316068,0,42928db9,"{'lr': 1.3255531272976196e-05, 'batch_size': 16, 'dropout': 0.18295363612454152, 'reg_weight': 1.5336122171940108e-06, 'mahalanobis_threshold': 9.770790032323575, 'kernel_size': 7, 'tcn_channel_size': 64, 'num_tcn_layers': 3, 'model': 'eskf_tcn', 'trial_id': '42928db9', 'target_rung': 0, 'epochs': 5}"
1767921775.0333812,5.529865,0,53434ac0,"{'lr': 0.00024555744075114774, 'batch_size': 16, 'dropout': 0.1632181041668994, 'reg_weight': 0.00021290261636975342, 'mahalanobis_threshold': 8.44387686279298, 'kernel_size': 7, 'tcn_channel_size': 64, 'num_tcn_layers': 4, 'model': 'eskf_tcn', 'trial_id': '53434ac0', 'target_rung': 0, 'epochs': 5}"
1767921808.331172,6.268054,1,92f87c21,"{'lr': 1.6400485851049153e-05, 'batch_size': 16, 'dropout': 0.0946409067627517, 'reg_weight': 0.00012094029132422104, 'mahalanobis_threshold': 11.004915791276527, 'kernel_size': 7, 'tcn_channel_size': 32, 'num_tcn_layers': 5, 'model': 'eskf_tcn', 'trial_id': '92f87c21', 'target_rung': 1, 'epochs': 10}"
1767921816.8480792,4.757136,0,fef6c22d,"{'lr': 0.0009263813578889019, 'batch_size': 16, 'dropout': 0.15450935000406857, 'reg_weight': 1.6934037634002294e-06, 'mahalanobis_threshold': 12.5610708215398, 'kernel_size': 3, 'tcn_channel_size': 64, 'num_tcn_layers': 3, 'model': 'eskf_tcn', 'trial_id': 'fef6c22d', 'target_rung': 0, 'epochs': 5}"
1767921820.856708,808.889465,0,b5c7ca7d,"{'lr': 1.4385930244224477e-05, 'batch_size': 16, 'dropout': 0.11968902381277798, 'reg_weight': 0.00018221000503476563, 'mahalanobis_threshold': 9.580767811423199, 'kernel_size': 7, 'tcn_channel_size': 64, 'num_tcn_layers': 3, 'model': 'eskf_tcn', 'trial_id': 'b5c7ca7d', 'target_rung': 0, 'epochs': 5}"
1767921834.722781,6.268562,0,92b9ccfe,"{'lr': 2.2392955050805206e-05, 'batch_size': 16, 'dropout': 0.1250847979473309, 'reg_weight': 0.0009747566779932034, 'mahalanobis_threshold': 15.583605652171627, 'kernel_size': 7, 'tcn_channel_size': 64, 'num_tcn_layers': 5, 'model': 'eskf_tcn', 'trial_id': '92b9ccfe', 'target_rung': 0, 'epochs': 5}"
1767921854.5997272,6.088342,0,7c2001b6,"{'lr': 6.0039207059945076e-05, 'batch_size': 16, 'dropout': 0.1016925405090434, 'reg_weight': 2.1431697423872795e-05, 'mahalanobis_threshold': 14.273932314711306, 'kernel_size': 5, 'tcn_channel_size': 96, 'num_tcn_layers': 4, 'model': 'eskf_tcn', 'trial_id': '7c2001b6', 'target_rung': 0, 'epochs': 5}"
1767921858.452824,7.644519,0,8e533e01,"{'lr': 3.601539351797799e-05, 'batch_size': 16, 'dropout': 0.21041837743607456, 'reg_weight': 1.9357249431966043e-06, 'mahalanobis_threshold': 24.293868935101564, 'kernel_size': 3, 'tcn_channel_size': 64, 'num_tcn_layers': 5, 'model': 'eskf_tcn', 'trial_id': '8e533e01', 'target_rung': 0, 'epochs': 5}"
1767921863.298063,5.078854,0,8e9ff34d,"{'lr': 8.5725555923113e-05, 'batch_size': 16, 'dropout': 0.22670720702721797, 'reg_weight': 2.2916899849499187e-05, 'mahalanobis_threshold': 24.571275748606375, 'kernel_size': 3, 'tcn_channel_size': 64, 'num_tcn_layers': 4, 'model': 'eskf_tcn', 'trial_id': '8e9ff34d', 'target_rung': 0, 'epochs': 5}"
1767921884.917658,5986.188965,0,af6cb0e0,"{'lr': 2.329706363575758e-05, 'batch_size': 16, 'dropout': 0.2729202731573773, 'reg_weight': 2.6255314097472216e-06, 'mahalanobis_threshold': 21.243355684020724, 'kernel_size': 7, 'tcn_channel_size': 64, 'num_tcn_layers': 3, 'model': 'eskf_tcn', 'trial_id': 'af6cb0e0', 'target_rung': 0, 'epochs': 5}"
1767921888.402565,7.120348,1,45334be0,"{'lr': 4.103504864463433e-05, 'batch_size': 16, 'dropout': 0.06620346857806615, 'reg_weight': 0.00033616490930191064, 'mahalanobis_threshold': 9.632149649993384, 'kernel_size': 5, 'tcn_channel_size': 96, 'num_tcn_layers': 5, 'model': 'eskf_tcn', 'trial_id': '45334be0', 'target_rung': 1, 'epochs': 10}"
1767921944.4129658,6.267453,1,92b9ccfe,"{'lr': 2.2392955050805206e-05, 'batch_size': 16, 'dropout': 0.1250847979473309, 'reg_weight': 0.0009747566779932034, 'mahalanobis_threshold': 15.583605652171627, 'kernel_size': 7, 'tcn_channel_size': 64, 'num_tcn_layers': 5, 'model': 'eskf_tcn', 'trial_id': '92b9ccfe', 'target_rung': 1, 'epochs': 10}"
1767921973.77349,6.266443,2,92f87c21,"{'lr': 1.6400485851049153e-05, 'batch_size': 16, 'dropout': 0.0946409067627517, 'reg_weight': 0.00012094029132422104, 'mahalanobis_threshold': 11.004915791276527, 'kernel_size': 7, 'tcn_channel_size': 32, 'num_tcn_layers': 5, 'model': 'eskf_tcn', 'trial_id': '92f87c21', 'target_rung': 2, 'epochs': 20}"
1767921993.3699808,6.490012,0,27f24506,"{'lr': 0.00017104656910287602, 'batch_size': 16, 'dropout': 0.15054995030710205, 'reg_weight': 1.0607219752906499e-06, 'mahalanobis_threshold': 19.44127695753859, 'kernel_size': 5, 'tcn_channel_size': 96, 'num_tcn_layers': 5, 'model': 'eskf_tcn', 'trial_id': '27f24506', 'target_rung': 0, 'epochs': 5}"
1767922011.427049,7.024367,0,03eb33a9,"{'lr': 0.001, 'batch_size': 16, 'dropout': 0.3, 'reg_weight': 8.562395722245905e-06, 'mahalanobis_threshold': 25.0, 'kernel_size': np.int64(5), 'tcn_channel_size': np.int64(96), 'num_tcn_layers': np.int64(5), 'model': 'eskf_tcn', 'trial_id': '03eb33a9', 'target_rung': 0, 'epochs': 5}"
1767922098.5800729,5.422611,1,53434ac0,"{'lr': 0.00024555744075114774, 'batch_size': 16, 'dropout': 0.1632181041668994, 'reg_weight': 0.00021290261636975342, 'mahalanobis_threshold': 8.44387686279298, 'kernel_size': 7, 'tcn_channel_size': 64, 'num_tcn_layers': 4, 'model': 'eskf_tcn', 'trial_id': '53434ac0', 'target_rung': 1, 'epochs': 10}"
1767922131.789196,4.757136,1,fef6c22d,"{'lr': 0.0009263813578889019, 'batch_size': 16, 'dropout': 0.15450935000406857, 'reg_weight': 1.6934037634002294e-06, 'mahalanobis_threshold': 12.5610708215398, 'kernel_size': 3, 'tcn_channel_size': 64, 'num_tcn_layers': 3, 'model': 'eskf_tcn', 'trial_id': 'fef6c22d', 'target_rung': 1, 'epochs': 10}"
1767922143.2801049,4.375621,0,1bbfb413,"{'lr': 0.001, 'batch_size': 16, 'dropout': 0.15207688400959915, 'reg_weight': 1.879748681173705e-05, 'mahalanobis_threshold': 8.0, 'kernel_size': np.int64(5), 'tcn_channel_size': np.int64(32), 'num_tcn_layers': np.int64(4), 'model': 'eskf_tcn', 'trial_id': '1bbfb413', 'target_rung': 0, 'epochs': 5}"
1767922161.9755452,4.280496,0,4e404cbf,"{'lr': 0.0005012235516652425, 'batch_size': 16, 'dropout': 0.14475033342006344, 'reg_weight': 0.00021144346860156122, 'mahalanobis_threshold': 19.114598363637526, 'kernel_size': 3, 'tcn_channel_size': 96, 'num_tcn_layers': 5, 'model': 'eskf_tcn', 'trial_id': '4e404cbf', 'target_rung': 0, 'epochs': 5}"
1767922189.249519,6.254818,1,d09df26f,"{'lr': 0.00015051180193088724, 'batch_size': 16, 'dropout': 0.20539146838847017, 'reg_weight': 5.118067643883286e-05, 'mahalanobis_threshold': 16.632675724075348, 'kernel_size': 7, 'tcn_channel_size': 32, 'num_tcn_layers': 5, 'model': 'eskf_tcn', 'trial_id': 'd09df26f', 'target_rung': 1, 'epochs': 10}"
1767922224.3667169,91.354968,0,54123ae1,"{'lr': 3.91260495856931e-05, 'batch_size': 16, 'dropout': 0.2773447930315765, 'reg_weight': 7.889461862438733e-06, 'mahalanobis_threshold': 17.389343382271782, 'kernel_size': 7, 'tcn_channel_size': 32, 'num_tcn_layers': 3, 'model': 'eskf_tcn', 'trial_id': '54123ae1', 'target_rung': 0, 'epochs': 5}"
1767922245.5529711,6.265263,2,92b9ccfe,"{'lr': 2.2392955050805206e-05, 'batch_size': 16, 'dropout': 0.1250847979473309, 'reg_weight': 0.0009747566779932034, 'mahalanobis_threshold': 15.583605652171627, 'kernel_size': 7, 'tcn_channel_size': 64, 'num_tcn_layers': 5, 'model': 'eskf_tcn', 'trial_id': '92b9ccfe', 'target_rung': 2, 'epochs': 20}"
1767922252.594506,6.293881,0,919b2de3,"{'lr': 0.00028671264392338884, 'batch_size': 16, 'dropout': 0.13108001117436685, 'reg_weight': 4.297009124996029e-06, 'mahalanobis_threshold': 20.6121933384084, 'kernel_size': 5, 'tcn_channel_size': 96, 'num_tcn_layers': 5, 'model': 'eskf_tcn', 'trial_id': '919b2de3', 'target_rung': 0, 'epochs': 5}"
1767922283.756788,17418.051758,0,9d45fc40,"{'lr': 4.1723697031764976e-05, 'batch_size': 16, 'dropout': 0.20102928587296032, 'reg_weight': 1.54386087804016e-06, 'mahalanobis_threshold': 12.67694444526511, 'kernel_size': 3, 'tcn_channel_size': 32, 'num_tcn_layers': 3, 'model': 'eskf_tcn', 'trial_id': '9d45fc40', 'target_rung': 0, 'epochs': 5}"
1767922284.855107,8.862961,0,e0f7097a,"{'lr': 0.001, 'batch_size': 16, 'dropout': 0.15284688163694782, 'reg_weight': 2.281361670741406e-05, 'mahalanobis_threshold': 25.0, 'kernel_size': np.int64(7), 'tcn_channel_size': np.int64(32), 'num_tcn_layers': np.int64(4), 'model': 'eskf_tcn', 'trial_id': 'e0f7097a', 'target_rung': 0, 'epochs': 5}"
1767922296.616746,3.684418,0,5cde2042,"{'lr': 0.0005026324037821959, 'batch_size': 16, 'dropout': 0.100019735390713, 'reg_weight': 1.8190281299360455e-06, 'mahalanobis_threshold': 24.077764457468955, 'kernel_size': 3, 'tcn_channel_size': 64, 'num_tcn_layers': 4, 'model': 'eskf_tcn', 'trial_id': '5cde2042', 'target_rung': 0, 'epochs': 5}"
1767922319.693513,6.263225,3,92f87c21,"{'lr': 1.6400485851049153e-05, 'batch_size': 16, 'dropout': 0.0946409067627517, 'reg_weight': 0.00012094029132422104, 'mahalanobis_threshold': 11.004915791276527, 'kernel_size': 7, 'tcn_channel_size': 32, 'num_tcn_layers': 5, 'model': 'eskf_tcn', 'trial_id': '92f87c21', 'target_rung': 3, 'epochs': 40}"
1767922358.9468539,6.538179,2,45334be0,"{'lr': 4.103504864463433e-05, 'batch_size': 16, 'dropout': 0.06620346857806615, 'reg_weight': 0.00033616490930191064, 'mahalanobis_threshold': 9.632149649993384, 'kernel_size': 5, 'tcn_channel_size': 96, 'num_tcn_layers': 5, 'model': 'eskf_tcn', 'trial_id': '45334be0', 'target_rung': 2, 'epochs': 20}"
1767922400.558631,6.23999,2,d09df26f,"{'lr': 0.00015051180193088724, 'batch_size': 16, 'dropout': 0.20539146838847017, 'reg_weight': 5.118067643883286e-05, 'mahalanobis_threshold': 16.632675724075348, 'kernel_size': 7, 'tcn_channel_size': 32, 'num_tcn_layers': 5, 'model': 'eskf_tcn', 'trial_id': 'd09df26f', 'target_rung': 2, 'epochs': 20}"
1767922407.702682,137.006935,0,b88f36a4,"{'lr': 7.841293566195587e-05, 'batch_size': 16, 'dropout': 0.27087492520549294, 'reg_weight': 2.5893910332237398e-05, 'mahalanobis_threshold': 21.32590947275976, 'kernel_size': 7, 'tcn_channel_size': 32, 'num_tcn_layers': 3, 'model': 'eskf_tcn', 'trial_id': 'b88f36a4', 'target_rung': 0, 'epochs': 5}"
1767922440.20898,6.087732,1,27f24506,"{'lr': 0.00017104656910287602, 'batch_size': 16, 'dropout': 0.15054995030710205, 'reg_weight': 1.0607219752906499e-06, 'mahalanobis_threshold': 19.44127695753859, 'kernel_size': 5, 'tcn_channel_size': 96, 'num_tcn_layers': 5, 'model': 'eskf_tcn', 'trial_id': '27f24506', 'target_rung': 1, 'epochs': 10}"
1767922459.515924,5.932452,1,03eb33a9,"{'lr': 0.001, 'batch_size': 16, 'dropout': 0.3, 'reg_weight': 8.562395722245905e-06, 'mahalanobis_threshold': 25.0, 'kernel_size': np.int64(5), 'tcn_channel_size': np.int64(96), 'num_tcn_layers': np.int64(5), 'model': 'eskf_tcn', 'trial_id': '03eb33a9', 'target_rung': 1, 'epochs': 10}"
1767922500.67032,6.260896,3,92b9ccfe,"{'lr': 2.2392955050805206e-05, 'batch_size': 16, 'dropout': 0.1250847979473309, 'reg_weight': 0.0009747566779932034, 'mahalanobis_threshold': 15.583605652171627, 'kernel_size': 7, 'tcn_channel_size': 64, 'num_tcn_layers': 5, 'model': 'eskf_tcn', 'trial_id': '92b9ccfe', 'target_rung': 3, 'epochs': 40}"
1767922599.8697448,3.636861,1,4e404cbf,"{'lr': 0.0005012235516652425, 'batch_size': 16, 'dropout': 0.14475033342006344, 'reg_weight': 0.00021144346860156122, 'mahalanobis_threshold': 19.114598363637526, 'kernel_size': 3, 'tcn_channel_size': 96, 'num_tcn_layers': 5, 'model': 'eskf_tcn', 'trial_id': '4e404cbf', 'target_rung': 1, 'epochs': 10}"
1767922618.839387,5.893801,1,919b2de3,"{'lr': 0.00028671264392338884, 'batch_size': 16, 'dropout': 0.13108001117436685, 'reg_weight': 4.297009124996029e-06, 'mahalanobis_threshold': 20.6121933384084, 'kernel_size': 5, 'tcn_channel_size': 96, 'num_tcn_layers': 5, 'model': 'eskf_tcn', 'trial_id': '919b2de3', 'target_rung': 1, 'epochs': 10}"
1767922670.675725,4.665021,2,53434ac0,"{'lr': 0.00024555744075114774, 'batch_size': 16, 'dropout': 0.1632181041668994, 'reg_weight': 0.00021290261636975342, 'mahalanobis_threshold': 8.44387686279298, 'kernel_size': 7, 'tcn_channel_size': 64, 'num_tcn_layers': 4, 'model': 'eskf_tcn', 'trial_id': '53434ac0', 'target_rung': 2, 'epochs': 20}"
1767922686.799496,6.256742,4,92f87c21,"{'lr': 1.6400485851049153e-05, 'batch_size': 16, 'dropout': 0.0946409067627517, 'reg_weight': 0.00012094029132422104, 'mahalanobis_threshold': 11.004915791276527, 'kernel_size': 7, 'tcn_channel_size': 32, 'num_tcn_layers': 5, 'model': 'eskf_tcn', 'trial_id': '92f87c21', 'target_rung': 4, 'epochs': 80}"
1767922727.516663,4.172959,0,22ac3014,"{'lr': 0.001, 'batch_size': 16, 'dropout': 0.15367271122187218, 'reg_weight': 0.00010803146197076012, 'mahalanobis_threshold': 8.0, 'kernel_size': np.int64(3), 'tcn_channel_size': np.int64(96), 'num_tcn_layers': np.int64(4), 'model': 'eskf_tcn', 'trial_id': '22ac3014', 'target_rung': 0, 'epochs': 5}"
1767922731.33117,6.210954,3,d09df26f,"{'lr': 0.00015051180193088724, 'batch_size': 16, 'dropout': 0.20539146838847017, 'reg_weight': 5.118067643883286e-05, 'mahalanobis_threshold': 16.632675724075348, 'kernel_size': 7, 'tcn_channel_size': 32, 'num_tcn_layers': 5, 'model': 'eskf_tcn', 'trial_id': 'd09df26f', 'target_rung': 3, 'epochs': 40}"
1767922733.806276,3.120585,1,5cde2042,"{'lr': 0.0005026324037821959, 'batch_size': 16, 'dropout': 0.100019735390713, 'reg_weight': 1.8190281299360455e-06, 'mahalanobis_threshold': 24.077764457468955, 'kernel_size': 3, 'tcn_channel_size': 64, 'num_tcn_layers': 4, 'model': 'eskf_tcn', 'trial_id': '5cde2042', 'target_rung': 1, 'epochs': 10}"
1767922747.1476212,5.289466,0,10589a78,"{'lr': 0.0008333370979681258, 'batch_size': 16, 'dropout': 0.15553521305600942, 'reg_weight': 4.1052087147708604e-05, 'mahalanobis_threshold': 25.0, 'kernel_size': np.int64(5), 'tcn_channel_size': np.int64(32), 'num_tcn_layers': np.int64(4), 'model': 'eskf_tcn', 'trial_id': '10589a78', 'target_rung': 0, 'epochs': 5}"
1767922750.36477,4.398049,2,fef6c22d,"{'lr': 0.0009263813578889019, 'batch_size': 16, 'dropout': 0.15450935000406857, 'reg_weight': 1.6934037634002294e-06, 'mahalanobis_threshold': 12.5610708215398, 'kernel_size': 3, 'tcn_channel_size': 64, 'num_tcn_layers': 3, 'model': 'eskf_tcn', 'trial_id': 'fef6c22d', 'target_rung': 2, 'epochs': 20}"
1767922771.327127,6.239239,0,0d0b6569,"{'lr': 0.0007603753683472376, 'batch_size': 16, 'dropout': 0.1574003046000009, 'reg_weight': 1e-06, 'mahalanobis_threshold': 25.0, 'kernel_size': np.int64(5), 'tcn_channel_size': np.int64(64), 'num_tcn_layers': np.int64(5), 'model': 'eskf_tcn', 'trial_id': '0d0b6569', 'target_rung': 0, 'epochs': 5}"
1767922855.25383,9.204763,1,8e533e01,"{'lr': 3.601539351797799e-05, 'batch_size': 16, 'dropout': 0.21041837743607456, 'reg_weight': 1.9357249431966043e-06, 'mahalanobis_threshold': 24.293868935101564, 'kernel_size': 3, 'tcn_channel_size': 64, 'num_tcn_layers': 5, 'model': 'eskf_tcn', 'trial_id': '8e533e01', 'target_rung': 1, 'epochs': 10}"
1767922950.177906,6.252055,4,92b9ccfe,"{'lr': 2.2392955050805206e-05, 'batch_size': 16, 'dropout': 0.1250847979473309, 'reg_weight': 0.0009747566779932034, 'mahalanobis_threshold': 15.583605652171627, 'kernel_size': 7, 'tcn_channel_size': 64, 'num_tcn_layers': 5, 'model': 'eskf_tcn', 'trial_id': '92b9ccfe', 'target_rung': 4, 'epochs': 80}"
1767922963.617843,5.599923,1,7c2001b6,"{'lr': 6.0039207059945076e-05, 'batch_size': 16, 'dropout': 0.1016925405090434, 'reg_weight': 2.1431697423872795e-05, 'mahalanobis_threshold': 14.273932314711306, 'kernel_size': 5, 'tcn_channel_size': 96, 'num_tcn_layers': 4, 'model': 'eskf_tcn', 'trial_id': '7c2001b6', 'target_rung': 1, 'epochs': 10}"
1767922992.287037,5.539151,0,0c5fea48,"{'lr': 0.0007071734611104232, 'batch_size': 16, 'dropout': 0.15817921588915268, 'reg_weight': 0.0002457674407394625, 'mahalanobis_threshold': 8.0, 'kernel_size': np.int64(5), 'tcn_channel_size': np.int64(64), 'num_tcn_layers': np.int64(3), 'model': 'eskf_tcn', 'trial_id': '0c5fea48', 'target_rung': 0, 'epochs': 5}"
1767923051.0145159,3.061945,1,22ac3014,"{'lr': 0.001, 'batch_size': 16, 'dropout': 0.15367271122187218, 'reg_weight': 0.00010803146197076012, 'mahalanobis_threshold': 8.0, 'kernel_size': np.int64(3), 'tcn_channel_size': np.int64(96), 'num_tcn_layers': np.int64(4), 'model': 'eskf_tcn', 'trial_id': '22ac3014', 'target_rung': 1, 'epochs': 10}"
1767923054.2631779,5.626366,2,27f24506,"{'lr': 0.00017104656910287602, 'batch_size': 16, 'dropout': 0.15054995030710205, 'reg_weight': 1.0607219752906499e-06, 'mahalanobis_threshold': 19.44127695753859, 'kernel_size': 5, 'tcn_channel_size': 96, 'num_tcn_layers': 5, 'model': 'eskf_tcn', 'trial_id': '27f24506', 'target_rung': 2, 'epochs': 20}"
1767923067.394924,5.932452,2,03eb33a9,"{'lr': 0.001, 'batch_size': 16, 'dropout': 0.3, 'reg_weight': 8.562395722245905e-06, 'mahalanobis_threshold': 25.0, 'kernel_size': np.int64(5), 'tcn_channel_size': np.int64(96), 'num_tcn_layers': np.int64(5), 'model': 'eskf_tcn', 'trial_id': '03eb33a9', 'target_rung': 2, 'epochs': 20}"
1767923104.18882,5.342243,2,919b2de3,"{'lr': 0.00028671264392338884, 'batch_size': 16, 'dropout': 0.13108001117436685, 'reg_weight': 4.297009124996029e-06, 'mahalanobis_threshold': 20.6121933384084, 'kernel_size': 5, 'tcn_channel_size': 96, 'num_tcn_layers': 5, 'model': 'eskf_tcn', 'trial_id': '919b2de3', 'target_rung': 2, 'epochs': 20}"
1767923173.345311,5.017911,1,8e9ff34d,"{'lr': 8.5725555923113e-05, 'batch_size': 16, 'dropout': 0.22670720702721797, 'reg_weight': 2.2916899849499187e-05, 'mahalanobis_threshold': 24.571275748606375, 'kernel_size': 3, 'tcn_channel_size': 64, 'num_tcn_layers': 4, 'model': 'eskf_tcn', 'trial_id': '8e9ff34d', 'target_rung': 1, 'epochs': 10}"
1767923182.2569118,5.876079,1,0d0b6569,"{'lr': 0.0007603753683472376, 'batch_size': 16, 'dropout': 0.1574003046000009, 'reg_weight': 1e-06, 'mahalanobis_threshold': 25.0, 'kernel_size': np.int64(5), 'tcn_channel_size': np.int64(64), 'num_tcn_layers': np.int64(5), 'model': 'eskf_tcn', 'trial_id': '0d0b6569', 'target_rung': 1, 'epochs': 10}"
1767923254.181401,3.320403,2,4e404cbf,"{'lr': 0.0005012235516652425, 'batch_size': 16, 'dropout': 0.14475033342006344, 'reg_weight': 0.00021144346860156122, 'mahalanobis_threshold': 19.114598363637526, 'kernel_size': 3, 'tcn_channel_size': 96, 'num_tcn_layers': 5, 'model': 'eskf_tcn', 'trial_id': '4e404cbf', 'target_rung': 2, 'epochs': 20}"
1767923259.935791,5.021585,1,1bbfb413,"{'lr': 0.001, 'batch_size': 16, 'dropout': 0.15207688400959915, 'reg_weight': 1.879748681173705e-05, 'mahalanobis_threshold': 8.0, 'kernel_size': np.int64(5), 'tcn_channel_size': np.int64(32), 'num_tcn_layers': np.int64(4), 'model': 'eskf_tcn', 'trial_id': '1bbfb413', 'target_rung': 1, 'epochs': 10}"
1767923291.1916668,6.841243,0,2e43ad66,"{'lr': 0.0008152511242626708, 'batch_size': 16, 'dropout': 0.1590887575457783, 'reg_weight': 1e-06, 'mahalanobis_threshold': 25.0, 'kernel_size': np.int64(3), 'tcn_channel_size': np.int64(32), 'num_tcn_layers': np.int64(3), 'model': 'eskf_tcn', 'trial_id': '2e43ad66', 'target_rung': 0, 'epochs': 5}"
1767923301.7518048,4.714739,0,9c2b8a4f,"{'lr': 0.0009288947276534117, 'batch_size': 16, 'dropout': 0.15370555448344386, 'reg_weight': 1e-06, 'mahalanobis_threshold': 25.0, 'kernel_size': np.int64(5), 'tcn_channel_size': np.int64(64), 'num_tcn_layers': np.int64(4), 'model': 'eskf_tcn', 'trial_id': '9c2b8a4f', 'target_rung': 0, 'epochs': 5}"
1767923417.756904,2.971075,2,5cde2042,"{'lr': 0.0005026324037821959, 'batch_size': 16, 'dropout': 0.100019735390713, 'reg_weight': 1.8190281299360455e-06, 'mahalanobis_threshold': 24.077764457468955, 'kernel_size': 3, 'tcn_channel_size': 64, 'num_tcn_layers': 4, 'model': 'eskf_tcn', 'trial_id': '5cde2042', 'target_rung': 2, 'epochs': 20}"
1767923444.629172,4.137058,3,53434ac0,"{'lr': 0.00024555744075114774, 'batch_size': 16, 'dropout': 0.1632181041668994, 'reg_weight': 0.00021290261636975342, 'mahalanobis_threshold': 8.44387686279298, 'kernel_size': 7, 'tcn_channel_size': 64, 'num_tcn_layers': 4, 'model': 'eskf_tcn', 'trial_id': '53434ac0', 'target_rung': 3, 'epochs': 40}"
1767923632.244101,5.430851,2,0d0b6569,"{'lr': 0.0007603753683472376, 'batch_size': 16, 'dropout': 0.1574003046000009, 'reg_weight': 1e-06, 'mahalanobis_threshold': 25.0, 'kernel_size': np.int64(5), 'tcn_channel_size': np.int64(64), 'num_tcn_layers': np.int64(5), 'model': 'eskf_tcn', 'trial_id': '0d0b6569', 'target_rung': 2, 'epochs': 20}"
1767923642.3119519,6.152878,4,d09df26f,"{'lr': 0.00015051180193088724, 'batch_size': 16, 'dropout': 0.20539146838847017, 'reg_weight': 5.118067643883286e-05, 'mahalanobis_threshold': 16.632675724075348, 'kernel_size': 7, 'tcn_channel_size': 32, 'num_tcn_layers': 5, 'model': 'eskf_tcn', 'trial_id': 'd09df26f', 'target_rung': 4, 'epochs': 80}"
1767923683.501302,2.846775,2,22ac3014,"{'lr': 0.001, 'batch_size': 16, 'dropout': 0.15367271122187218, 'reg_weight': 0.00010803146197076012, 'mahalanobis_threshold': 8.0, 'kernel_size': np.int64(3), 'tcn_channel_size': np.int64(96), 'num_tcn_layers': np.int64(4), 'model': 'eskf_tcn', 'trial_id': '22ac3014', 'target_rung': 2, 'epochs': 20}"
1767923765.4294982,3.70495,3,fef6c22d,"{'lr': 0.0009263813578889019, 'batch_size': 16, 'dropout': 0.15450935000406857, 'reg_weight': 1.6934037634002294e-06, 'mahalanobis_threshold': 12.5610708215398, 'kernel_size': 3, 'tcn_channel_size': 64, 'num_tcn_layers': 3, 'model': 'eskf_tcn', 'trial_id': 'fef6c22d', 'target_rung': 3, 'epochs': 40}"
1767923883.308741,5.080059,3,27f24506,"{'lr': 0.00017104656910287602, 'batch_size': 16, 'dropout': 0.15054995030710205, 'reg_weight': 1.0607219752906499e-06, 'mahalanobis_threshold': 19.44127695753859, 'kernel_size': 5, 'tcn_channel_size': 96, 'num_tcn_layers': 5, 'model': 'eskf_tcn', 'trial_id': '27f24506', 'target_rung': 3, 'epochs': 40}"
1767923919.7111921,5.302499,3,919b2de3,"{'lr': 0.00028671264392338884, 'batch_size': 16, 'dropout': 0.13108001117436685, 'reg_weight': 4.297009124996029e-06, 'mahalanobis_threshold': 20.6121933384084, 'kernel_size': 5, 'tcn_channel_size': 96, 'num_tcn_layers': 5, 'model': 'eskf_tcn', 'trial_id': '919b2de3', 'target_rung': 3, 'epochs': 40}"
1767923920.232378,4.412128,1,9c2b8a4f,"{'lr': 0.0009288947276534117, 'batch_size': 16, 'dropout': 0.15370555448344386, 'reg_weight': 1e-06, 'mahalanobis_threshold': 25.0, 'kernel_size': np.int64(5), 'tcn_channel_size': np.int64(64), 'num_tcn_layers': np.int64(4), 'model': 'eskf_tcn', 'trial_id': '9c2b8a4f', 'target_rung': 1, 'epochs': 10}"
1767923990.671686,4.381104,2,8e9ff34d,"{'lr': 8.5725555923113e-05, 'batch_size': 16, 'dropout': 0.22670720702721797, 'reg_weight': 2.2916899849499187e-05, 'mahalanobis_threshold': 24.571275748606375, 'kernel_size': 3, 'tcn_channel_size': 64, 'num_tcn_layers': 4, 'model': 'eskf_tcn', 'trial_id': '8e9ff34d', 'target_rung': 2, 'epochs': 20}"
1767924102.040394,7.19152,0,084c58ae,"{'lr': 0.0009529043873376948, 'batch_size': 16, 'dropout': 0.1535710479134636, 'reg_weight': 0.00037687369876119534, 'mahalanobis_threshold': 8.0, 'kernel_size': np.int64(7), 'tcn_channel_size': np.int64(64), 'num_tcn_layers': np.int64(4), 'model': 'eskf_tcn', 'trial_id': '084c58ae', 'target_rung': 0, 'epochs': 5}"
1767924112.800045,4.081301,1,10589a78,"{'lr': 0.0008333370979681258, 'batch_size': 16, 'dropout': 0.15553521305600942, 'reg_weight': 4.1052087147708604e-05, 'mahalanobis_threshold': 25.0, 'kernel_size': np.int64(5), 'tcn_channel_size': np.int64(32), 'num_tcn_layers': np.int64(4), 'model': 'eskf_tcn', 'trial_id': '10589a78', 'target_rung': 1, 'epochs': 10}"
1767924200.9109938,5.764279,0,9e37d2e6,"{'lr': 0.0008157979768206157, 'batch_size': 16, 'dropout': 0.15323029712966738, 'reg_weight': 0.00017620146073078877, 'mahalanobis_threshold': 8.0, 'kernel_size': np.int64(3), 'tcn_channel_size': np.int64(32), 'num_tcn_layers': np.int64(5), 'model': 'eskf_tcn', 'trial_id': '9e37d2e6', 'target_rung': 0, 'epochs': 5}"
1767924207.5641758,4.349836,2,7c2001b6,"{'lr': 6.0039207059945076e-05, 'batch_size': 16, 'dropout': 0.1016925405090434, 'reg_weight': 2.1431697423872795e-05, 'mahalanobis_threshold': 14.273932314711306, 'kernel_size': 5, 'tcn_channel_size': 96, 'num_tcn_layers': 4, 'model': 'eskf_tcn', 'trial_id': '7c2001b6', 'target_rung': 2, 'epochs': 20}"
1767924208.0677729,3.56957,2,1bbfb413,"{'lr': 0.001, 'batch_size': 16, 'dropout': 0.15207688400959915, 'reg_weight': 1.879748681173705e-05, 'mahalanobis_threshold': 8.0, 'kernel_size': np.int64(5), 'tcn_channel_size': np.int64(32), 'num_tcn_layers': np.int64(4), 'model': 'eskf_tcn', 'trial_id': '1bbfb413', 'target_rung': 2, 'epochs': 20}"
1767924334.725086,5.33895,3,0d0b6569,"{'lr': 0.0007603753683472376, 'batch_size': 16, 'dropout': 0.1574003046000009, 'reg_weight': 1e-06, 'mahalanobis_threshold': 25.0, 'kernel_size': np.int64(5), 'tcn_channel_size': np.int64(64), 'num_tcn_layers': np.int64(5), 'model': 'eskf_tcn', 'trial_id': '0d0b6569', 'target_rung': 3, 'epochs': 40}"
1767924372.696052,3.181067,3,4e404cbf,"{'lr': 0.0005012235516652425, 'batch_size': 16, 'dropout': 0.14475033342006344, 'reg_weight': 0.00021144346860156122, 'mahalanobis_threshold': 19.114598363637526, 'kernel_size': 3, 'tcn_channel_size': 96, 'num_tcn_layers': 5, 'model': 'eskf_tcn', 'trial_id': '4e404cbf', 'target_rung': 3, 'epochs': 40}"
1767924545.160639,4.970906,1,0c5fea48,"{'lr': 0.0007071734611104232, 'batch_size': 16, 'dropout': 0.15817921588915268, 'reg_weight': 0.0002457674407394625, 'mahalanobis_threshold': 8.0, 'kernel_size': np.int64(5), 'tcn_channel_size': np.int64(64), 'num_tcn_layers': np.int64(3), 'model': 'eskf_tcn', 'trial_id': '0c5fea48', 'target_rung': 1, 'epochs': 10}"
1767924562.443292,4.567845,0,8503a998,"{'lr': 0.0007648210946867645, 'batch_size': 16, 'dropout': 0.15458302389658338, 'reg_weight': 0.00018843994425202264, 'mahalanobis_threshold': 8.0, 'kernel_size': np.int64(3), 'tcn_channel_size': np.int64(64), 'num_tcn_layers': np.int64(3), 'model': 'eskf_tcn', 'trial_id': '8503a998', 'target_rung': 0, 'epochs': 5}"
1767924658.732147,2.971075,3,5cde2042,"{'lr': 0.0005026324037821959, 'batch_size': 16, 'dropout': 0.100019735390713, 'reg_weight': 1.8190281299360455e-06, 'mahalanobis_threshold': 24.077764457468955, 'kernel_size': 3, 'tcn_channel_size': 64, 'num_tcn_layers': 4, 'model': 'eskf_tcn', 'trial_id': '5cde2042', 'target_rung': 3, 'epochs': 40}"
1767924665.236178,4.255068,2,9c2b8a4f,"{'lr': 0.0009288947276534117, 'batch_size': 16, 'dropout': 0.15370555448344386, 'reg_weight': 1e-06, 'mahalanobis_threshold': 25.0, 'kernel_size': np.int64(5), 'tcn_channel_size': np.int64(64), 'num_tcn_layers': np.int64(4), 'model': 'eskf_tcn', 'trial_id': '9c2b8a4f', 'target_rung': 2, 'epochs': 20}"
1767924920.487028,5.289466,2,10589a78,"{'lr': 0.0008333370979681258, 'batch_size': 16, 'dropout': 0.15553521305600942, 'reg_weight': 4.1052087147708604e-05, 'mahalanobis_threshold': 25.0, 'kernel_size': np.int64(5), 'tcn_channel_size': np.int64(32), 'num_tcn_layers': np.int64(4), 'model': 'eskf_tcn', 'trial_id': '10589a78', 'target_rung': 2, 'epochs': 20}"
1767924999.1898298,2.349045,3,22ac3014,"{'lr': 0.001, 'batch_size': 16, 'dropout': 0.15367271122187218, 'reg_weight': 0.00010803146197076012, 'mahalanobis_threshold': 8.0, 'kernel_size': np.int64(3), 'tcn_channel_size': np.int64(96), 'num_tcn_layers': np.int64(4), 'model': 'eskf_tcn', 'trial_id': '22ac3014', 'target_rung': 3, 'epochs': 40}"
1767925053.6090062,5.352082,3,03eb33a9,"{'lr': 0.001, 'batch_size': 16, 'dropout': 0.3, 'reg_weight': 8.562395722245905e-06, 'mahalanobis_threshold': 25.0, 'kernel_size': np.int64(5), 'tcn_channel_size': np.int64(96), 'num_tcn_layers': np.int64(5), 'model': 'eskf_tcn', 'trial_id': '03eb33a9', 'target_rung': 3, 'epochs': 40}"
1767925118.1825762,4.343495,3,8e9ff34d,"{'lr': 8.5725555923113e-05, 'batch_size': 16, 'dropout': 0.22670720702721797, 'reg_weight': 2.2916899849499187e-05, 'mahalanobis_threshold': 24.571275748606375, 'kernel_size': 3, 'tcn_channel_size': 64, 'num_tcn_layers': 4, 'model': 'eskf_tcn', 'trial_id': '8e9ff34d', 'target_rung': 3, 'epochs': 40}"
1767925129.707675,5.825092,0,afbb47f5,"{'lr': 0.0006454381157121889, 'batch_size': 16, 'dropout': 0.15030690656690807, 'reg_weight': 9.469162249682648e-05, 'mahalanobis_threshold': 21.156037041126638, 'kernel_size': np.int64(5), 'tcn_channel_size': np.int64(64), 'num_tcn_layers': np.int64(5), 'model': 'eskf_tcn', 'trial_id': 'afbb47f5', 'target_rung': 0, 'epochs': 5}"
1767925145.2305028,4.567845,1,8503a998,"{'lr': 0.0007648210946867645, 'batch_size': 16, 'dropout': 0.15458302389658338, 'reg_weight': 0.00018843994425202264, 'mahalanobis_threshold': 8.0, 'kernel_size': np.int64(3), 'tcn_channel_size': np.int64(64), 'num_tcn_layers': np.int64(3), 'model': 'eskf_tcn', 'trial_id': '8503a998', 'target_rung': 1, 'epochs': 10}"
1767925199.415328,4.137058,4,53434ac0,"{'lr': 0.00024555744075114774, 'batch_size': 16, 'dropout': 0.1632181041668994, 'reg_weight': 0.00021290261636975342, 'mahalanobis_threshold': 8.44387686279298, 'kernel_size': 7, 'tcn_channel_size': 64, 'num_tcn_layers': 4, 'model': 'eskf_tcn', 'trial_id': '53434ac0', 'target_rung': 4, 'epochs': 80}"
1767925292.403548,4.072375,2,0c5fea48,"{'lr': 0.0007071734611104232, 'batch_size': 16, 'dropout': 0.15817921588915268, 'reg_weight': 0.0002457674407394625, 'mahalanobis_threshold': 8.0, 'kernel_size': np.int64(5), 'tcn_channel_size': np.int64(64), 'num_tcn_layers': np.int64(3), 'model': 'eskf_tcn', 'trial_id': '0c5fea48', 'target_rung': 2, 'epochs': 20}"
1767925549.297531,5.089843,0,56ca4548,"{'lr': 0.0005730999205894576, 'batch_size': 16, 'dropout': 0.1524450909900219, 'reg_weight': 0.000163603994124121, 'mahalanobis_threshold': 18.91030453850533, 'kernel_size': np.int64(3), 'tcn_channel_size': np.int64(96), 'num_tcn_layers': np.int64(4), 'model': 'eskf_tcn', 'trial_id': '56ca4548', 'target_rung': 0, 'epochs': 5}"
1767925602.546064,3.631356,4,fef6c22d,"{'lr': 0.0009263813578889019, 'batch_size': 16, 'dropout': 0.15450935000406857, 'reg_weight': 1.6934037634002294e-06, 'mahalanobis_threshold': 12.5610708215398, 'kernel_size': 3, 'tcn_channel_size': 64, 'num_tcn_layers': 3, 'model': 'eskf_tcn', 'trial_id': 'fef6c22d', 'target_rung': 4, 'epochs': 80}"
1767925726.3357792,5.392384,1,afbb47f5,"{'lr': 0.0006454381157121889, 'batch_size': 16, 'dropout': 0.15030690656690807, 'reg_weight': 9.469162249682648e-05, 'mahalanobis_threshold': 21.156037041126638, 'kernel_size': np.int64(5), 'tcn_channel_size': np.int64(64), 'num_tcn_layers': np.int64(5), 'model': 'eskf_tcn', 'trial_id': 'afbb47f5', 'target_rung': 1, 'epochs': 10}"
1767925736.152905,3.781143,0,e4e53647,"{'lr': 0.0006338536632998863, 'batch_size': 16, 'dropout': 0.15272530597368436, 'reg_weight': 9.317538166268713e-05, 'mahalanobis_threshold': 20.95316978424481, 'kernel_size': np.int64(3), 'tcn_channel_size': np.int64(32), 'num_tcn_layers': np.int64(4), 'model': 'eskf_tcn', 'trial_id': 'e4e53647', 'target_rung': 0, 'epochs': 5}"
1767925858.53482,4.734951,3,10589a78,"{'lr': 0.0008333370979681258, 'batch_size': 16, 'dropout': 0.15553521305600942, 'reg_weight': 4.1052087147708604e-05, 'mahalanobis_threshold': 25.0, 'kernel_size': np.int64(5), 'tcn_channel_size': np.int64(32), 'num_tcn_layers': np.int64(4), 'model': 'eskf_tcn', 'trial_id': '10589a78', 'target_rung': 3, 'epochs': 40}"
1767925960.403612,3.815531,3,9c2b8a4f,"{'lr': 0.0009288947276534117, 'batch_size': 16, 'dropout': 0.15370555448344386, 'reg_weight': 1e-06, 'mahalanobis_threshold': 25.0, 'kernel_size': np.int64(5), 'tcn_channel_size': np.int64(64), 'num_tcn_layers': np.int64(4), 'model': 'eskf_tcn', 'trial_id': '9c2b8a4f', 'target_rung': 3, 'epochs': 40}"
1767926025.2439198,4.150615,3,7c2001b6,"{'lr': 6.0039207059945076e-05, 'batch_size': 16, 'dropout': 0.1016925405090434, 'reg_weight': 2.1431697423872795e-05, 'mahalanobis_threshold': 14.273932314711306, 'kernel_size': 5, 'tcn_channel_size': 96, 'num_tcn_layers': 4, 'model': 'eskf_tcn', 'trial_id': '7c2001b6', 'target_rung': 3, 'epochs': 40}"
1767926123.142847,4.512888,2,8503a998,"{'lr': 0.0007648210946867645, 'batch_size': 16, 'dropout': 0.15458302389658338, 'reg_weight': 0.00018843994425202264, 'mahalanobis_threshold': 8.0, 'kernel_size': np.int64(3), 'tcn_channel_size': np.int64(64), 'num_tcn_layers': np.int64(3), 'model': 'eskf_tcn', 'trial_id': '8503a998', 'target_rung': 2, 'epochs': 20}"
1767926226.231955,4.443547,1,56ca4548,"{'lr': 0.0005730999205894576, 'batch_size': 16, 'dropout': 0.1524450909900219, 'reg_weight': 0.000163603994124121, 'mahalanobis_threshold': 18.91030453850533, 'kernel_size': np.int64(3), 'tcn_channel_size': np.int64(96), 'num_tcn_layers': np.int64(4), 'model': 'eskf_tcn', 'trial_id': '56ca4548', 'target_rung': 1, 'epochs': 10}"
1767926280.2272909,3.559374,0,c64b1a98,"{'lr': 0.0009333059010426718, 'batch_size': 16, 'dropout': 0.15546531058766636, 'reg_weight': 0.0002510456402542651, 'mahalanobis_threshold': 8.0, 'kernel_size': np.int64(3), 'tcn_channel_size': np.int64(64), 'num_tcn_layers': np.int64(4), 'model': 'eskf_tcn', 'trial_id': 'c64b1a98', 'target_rung': 0, 'epochs': 5}"
1767926354.877238,5.258595,2,afbb47f5,"{'lr': 0.0006454381157121889, 'batch_size': 16, 'dropout': 0.15030690656690807, 'reg_weight': 9.469162249682648e-05, 'mahalanobis_threshold': 21.156037041126638, 'kernel_size': np.int64(5), 'tcn_channel_size': np.int64(64), 'num_tcn_layers': np.int64(5), 'model': 'eskf_tcn', 'trial_id': 'afbb47f5', 'target_rung': 2, 'epochs': 20}"
1767926423.0051358,3.181067,4,4e404cbf,"{'lr': 0.0005012235516652425, 'batch_size': 16, 'dropout': 0.14475033342006344, 'reg_weight': 0.00021144346860156122, 'mahalanobis_threshold': 19.114598363637526, 'kernel_size': 3, 'tcn_channel_size': 96, 'num_tcn_layers': 5, 'model': 'eskf_tcn', 'trial_id': '4e404cbf', 'target_rung': 4, 'epochs': 80}"
1767926429.754982,4.216843,0,e42cdd07,"{'lr': 0.0005779441917173488, 'batch_size': 16, 'dropout': 0.14970469598742714, 'reg_weight': 0.00012074118890296855, 'mahalanobis_threshold': 21.603198288406396, 'kernel_size': np.int64(3), 'tcn_channel_size': np.int64(64), 'num_tcn_layers': np.int64(4), 'model': 'eskf_tcn', 'trial_id': 'e42cdd07', 'target_rung': 0, 'epochs': 5}"
1767926627.1934621,4.12167,1,e4e53647,"{'lr': 0.0006338536632998863, 'batch_size': 16, 'dropout': 0.15272530597368436, 'reg_weight': 9.317538166268713e-05, 'mahalanobis_threshold': 20.95316978424481, 'kernel_size': np.int64(3), 'tcn_channel_size': np.int64(32), 'num_tcn_layers': np.int64(4), 'model': 'eskf_tcn', 'trial_id': 'e4e53647', 'target_rung': 1, 'epochs': 10}"
1767926656.890552,4.072375,3,0c5fea48,"{'lr': 0.0007071734611104232, 'batch_size': 16, 'dropout': 0.15817921588915268, 'reg_weight': 0.0002457674407394625, 'mahalanobis_threshold': 8.0, 'kernel_size': np.int64(5), 'tcn_channel_size': np.int64(64), 'num_tcn_layers': np.int64(3), 'model': 'eskf_tcn', 'trial_id': '0c5fea48', 'target_rung': 3, 'epochs': 40}"
1767926762.869931,10.078154,4,919b2de3,"{'lr': 0.00028671264392338884, 'batch_size': 16, 'dropout': 0.13108001117436685, 'reg_weight': 4.297009124996029e-06, 'mahalanobis_threshold': 20.6121933384084, 'kernel_size': 5, 'tcn_channel_size': 96, 'num_tcn_layers': 5, 'model': 'eskf_tcn', 'trial_id': '919b2de3', 'target_rung': 4, 'epochs': 80}"
1767926826.3332632,2.971075,4,5cde2042,"{'lr': 0.0005026324037821959, 'batch_size': 16, 'dropout': 0.100019735390713, 'reg_weight': 1.8190281299360455e-06, 'mahalanobis_threshold': 24.077764457468955, 'kernel_size': 3, 'tcn_channel_size': 64, 'num_tcn_layers': 4, 'model': 'eskf_tcn', 'trial_id': '5cde2042', 'target_rung': 4, 'epochs': 80}"
1767926896.826283,3.121195,1,c64b1a98,"{'lr': 0.0009333059010426718, 'batch_size': 16, 'dropout': 0.15546531058766636, 'reg_weight': 0.0002510456402542651, 'mahalanobis_threshold': 8.0, 'kernel_size': np.int64(3), 'tcn_channel_size': np.int64(64), 'num_tcn_layers': np.int64(4), 'model': 'eskf_tcn', 'trial_id': 'c64b1a98', 'target_rung': 1, 'epochs': 10}"
1767927062.728864,2.349045,4,22ac3014,"{'lr': 0.001, 'batch_size': 16, 'dropout': 0.15367271122187218, 'reg_weight': 0.00010803146197076012, 'mahalanobis_threshold': 8.0, 'kernel_size': np.int64(3), 'tcn_channel_size': np.int64(96), 'num_tcn_layers': np.int64(4), 'model': 'eskf_tcn', 'trial_id': '22ac3014', 'target_rung': 4, 'epochs': 80}"
1767927074.8789408,4.025398,0,50bb28ae,"{'lr': 0.0006346355754941792, 'batch_size': 16, 'dropout': 0.09697226505403599, 'reg_weight': 0.00038469491152725525, 'mahalanobis_threshold': 8.0, 'kernel_size': np.int64(3), 'tcn_channel_size': np.int64(96), 'num_tcn_layers': np.int64(4), 'model': 'eskf_tcn', 'trial_id': '50bb28ae', 'target_rung': 0, 'epochs': 5}"
1767927104.559075,2.913602,2,56ca4548,"{'lr': 0.0005730999205894576, 'batch_size': 16, 'dropout': 0.1524450909900219, 'reg_weight': 0.000163603994124121, 'mahalanobis_threshold': 18.91030453850533, 'kernel_size': np.int64(3), 'tcn_channel_size': np.int64(96), 'num_tcn_layers': np.int64(4), 'model': 'eskf_tcn', 'trial_id': '56ca4548', 'target_rung': 2, 'epochs': 20}"
1767927259.7002199,9.667759,0,5fadcbde,"{'lr': 0.0005393675857607264, 'batch_size': 16, 'dropout': 0.15523773116100792, 'reg_weight': 0.0004172392095214252, 'mahalanobis_threshold': 8.0, 'kernel_size': np.int64(7), 'tcn_channel_size': np.int64(32), 'num_tcn_layers': np.int64(4), 'model': 'eskf_tcn', 'trial_id': '5fadcbde', 'target_rung': 0, 'epochs': 5}"
1767927284.427558,4.31152,4,8e9ff34d,"{'lr': 8.5725555923113e-05, 'batch_size': 16, 'dropout': 0.22670720702721797, 'reg_weight': 2.2916899849499187e-05, 'mahalanobis_threshold': 24.571275748606375, 'kernel_size': 3, 'tcn_channel_size': 64, 'num_tcn_layers': 4, 'model': 'eskf_tcn', 'trial_id': '8e9ff34d', 'target_rung': 4, 'epochs': 80}"
1767927343.118855,4.148934,0,5cab12cf,"{'lr': 0.0008549026635187209, 'batch_size': 16, 'dropout': 0.15355158416836873, 'reg_weight': 0.00024092074586695483, 'mahalanobis_threshold': 8.0, 'kernel_size': np.int64(3), 'tcn_channel_size': np.int64(32), 'num_tcn_layers': np.int64(4), 'model': 'eskf_tcn', 'trial_id': '5cab12cf', 'target_rung': 0, 'epochs': 5}"
1767927353.620845,3.537444,1,e42cdd07,"{'lr': 0.0005779441917173488, 'batch_size': 16, 'dropout': 0.14970469598742714, 'reg_weight': 0.00012074118890296855, 'mahalanobis_threshold': 21.603198288406396, 'kernel_size': np.int64(3), 'tcn_channel_size': np.int64(64), 'num_tcn_layers': np.int64(4), 'model': 'eskf_tcn', 'trial_id': 'e42cdd07', 'target_rung': 1, 'epochs': 10}"
1767927457.8091571,3.470103,2,e4e53647,"{'lr': 0.0006338536632998863, 'batch_size': 16, 'dropout': 0.15272530597368436, 'reg_weight': 9.317538166268713e-05, 'mahalanobis_threshold': 20.95316978424481, 'kernel_size': np.int64(3), 'tcn_channel_size': np.int64(32), 'num_tcn_layers': np.int64(4), 'model': 'eskf_tcn', 'trial_id': 'e4e53647', 'target_rung': 2, 'epochs': 20}"
1767927465.3223538,5.956813,0,5a108850,"{'lr': 0.00046930600971550125, 'batch_size': 16, 'dropout': 0.14922689162674044, 'reg_weight': 0.00032818630952837597, 'mahalanobis_threshold': 8.0, 'kernel_size': np.int64(5), 'tcn_channel_size': np.int64(32), 'num_tcn_layers': np.int64(4), 'model': 'eskf_tcn', 'trial_id': '5a108850', 'target_rung': 0, 'epochs': 5}"
1767927571.9670348,5.569321,4,27f24506,"{'lr': 0.00017104656910287602, 'batch_size': 16, 'dropout': 0.15054995030710205, 'reg_weight': 1.0607219752906499e-06, 'mahalanobis_threshold': 19.44127695753859, 'kernel_size': 5, 'tcn_channel_size': 96, 'num_tcn_layers': 5, 'model': 'eskf_tcn', 'trial_id': '27f24506', 'target_rung': 4, 'epochs': 80}"
1767927603.359948,3.393736,1,50bb28ae,"{'lr': 0.0006346355754941792, 'batch_size': 16, 'dropout': 0.09697226505403599, 'reg_weight': 0.00038469491152725525, 'mahalanobis_threshold': 8.0, 'kernel_size': np.int64(3), 'tcn_channel_size': np.int64(96), 'num_tcn_layers': np.int64(4), 'model': 'eskf_tcn', 'trial_id': '50bb28ae', 'target_rung': 1, 'epochs': 10}"
1767927615.137244,4.734951,4,10589a78,"{'lr': 0.0008333370979681258, 'batch_size': 16, 'dropout': 0.15553521305600942, 'reg_weight': 4.1052087147708604e-05, 'mahalanobis_threshold': 25.0, 'kernel_size': np.int64(5), 'tcn_channel_size': np.int64(32), 'num_tcn_layers': np.int64(4), 'model': 'eskf_tcn', 'trial_id': '10589a78', 'target_rung': 4, 'epochs': 80}"
1767927711.867876,3.121195,2,c64b1a98,"{'lr': 0.0009333059010426718, 'batch_size': 16, 'dropout': 0.15546531058766636, 'reg_weight': 0.0002510456402542651, 'mahalanobis_threshold': 8.0, 'kernel_size': np.int64(3), 'tcn_channel_size': np.int64(64), 'num_tcn_layers': np.int64(4), 'model': 'eskf_tcn', 'trial_id': 'c64b1a98', 'target_rung': 2, 'epochs': 20}"
1767927725.054966,4.136755,0,1b30a452,"{'lr': 0.0005028528882485954, 'batch_size': 16, 'dropout': 0.09395409344930021, 'reg_weight': 0.001, 'mahalanobis_threshold': 8.0, 'kernel_size': np.int64(3), 'tcn_channel_size': np.int64(96), 'num_tcn_layers': np.int64(4), 'model': 'eskf_tcn', 'trial_id': '1b30a452', 'target_rung': 0, 'epochs': 5}"
1767927827.632571,4.21512,0,73b9b0be,"{'lr': 0.000970670598142442, 'batch_size': 16, 'dropout': 0.15160986108929803, 'reg_weight': 0.0006276965075208423, 'mahalanobis_threshold': 8.0, 'kernel_size': np.int64(3), 'tcn_channel_size': np.int64(64), 'num_tcn_layers': np.int64(5), 'model': 'eskf_tcn', 'trial_id': '73b9b0be', 'target_rung': 0, 'epochs': 5}"
1767927929.8603818,5.585282,1,5a108850,"{'lr': 0.00046930600971550125, 'batch_size': 16, 'dropout': 0.14922689162674044, 'reg_weight': 0.00032818630952837597, 'mahalanobis_threshold': 8.0, 'kernel_size': np.int64(5), 'tcn_channel_size': np.int64(32), 'num_tcn_layers': np.int64(4), 'model': 'eskf_tcn', 'trial_id': '5a108850', 'target_rung': 1, 'epochs': 10}"
1767927934.409448,3.815531,4,9c2b8a4f,"{'lr': 0.0009288947276534117, 'batch_size': 16, 'dropout': 0.15370555448344386, 'reg_weight': 1e-06, 'mahalanobis_threshold': 25.0, 'kernel_size': np.int64(5), 'tcn_channel_size': np.int64(64), 'num_tcn_layers': np.int64(4), 'model': 'eskf_tcn', 'trial_id': '9c2b8a4f', 'target_rung': 4, 'epochs': 80}"
1767927983.104477,5.139153,4,0d0b6569,"{'lr': 0.0007603753683472376, 'batch_size': 16, 'dropout': 0.1574003046000009, 'reg_weight': 1e-06, 'mahalanobis_threshold': 25.0, 'kernel_size': np.int64(5), 'tcn_channel_size': np.int64(64), 'num_tcn_layers': np.int64(5), 'model': 'eskf_tcn', 'trial_id': '0d0b6569', 'target_rung': 4, 'epochs': 80}"
1767928004.558202,3.88396,1,5cab12cf,"{'lr': 0.0008549026635187209, 'batch_size': 16, 'dropout': 0.15355158416836873, 'reg_weight': 0.00024092074586695483, 'mahalanobis_threshold': 8.0, 'kernel_size': np.int64(3), 'tcn_channel_size': np.int64(32), 'num_tcn_layers': np.int64(4), 'model': 'eskf_tcn', 'trial_id': '5cab12cf', 'target_rung': 1, 'epochs': 10}"
1767928057.243041,3.532292,2,e42cdd07,"{'lr': 0.0005779441917173488, 'batch_size': 16, 'dropout': 0.14970469598742714, 'reg_weight': 0.00012074118890296855, 'mahalanobis_threshold': 21.603198288406396, 'kernel_size': np.int64(3), 'tcn_channel_size': np.int64(64), 'num_tcn_layers': np.int64(4), 'model': 'eskf_tcn', 'trial_id': 'e42cdd07', 'target_rung': 2, 'epochs': 20}"
1767928152.570827,3.959513,0,35a09031,"{'lr': 0.000531820022116901, 'batch_size': 16, 'dropout': 0.1034837663789585, 'reg_weight': 0.0007370880831253476, 'mahalanobis_threshold': 8.0, 'kernel_size': np.int64(3), 'tcn_channel_size': np.int64(64), 'num_tcn_layers': np.int64(4), 'model': 'eskf_tcn', 'trial_id': '35a09031', 'target_rung': 0, 'epochs': 5}"
1767928156.572662,5.277701,0,46cfa8db,"{'lr': 0.000518910453306583, 'batch_size': 16, 'dropout': 0.0930260648223103, 'reg_weight': 0.0007590435984752377, 'mahalanobis_threshold': 20.76140148580048, 'kernel_size': np.int64(3), 'tcn_channel_size': np.int64(96), 'num_tcn_layers': np.int64(3), 'model': 'eskf_tcn', 'trial_id': '46cfa8db', 'target_rung': 0, 'epochs': 5}"
1767928245.65828,3.914454,1,1b30a452,"{'lr': 0.0005028528882485954, 'batch_size': 16, 'dropout': 0.09395409344930021, 'reg_weight': 0.001, 'mahalanobis_threshold': 8.0, 'kernel_size': np.int64(3), 'tcn_channel_size': np.int64(96), 'num_tcn_layers': np.int64(4), 'model': 'eskf_tcn', 'trial_id': '1b30a452', 'target_rung': 1, 'epochs': 10}"
1767928292.204064,4.188318,0,b91dbd4b,"{'lr': 0.000527833254710724, 'batch_size': 16, 'dropout': 0.09886066245376407, 'reg_weight': 0.0006239332855699455, 'mahalanobis_threshold': 8.0, 'kernel_size': np.int64(3), 'tcn_channel_size': np.int64(64), 'num_tcn_layers': np.int64(5), 'model': 'eskf_tcn', 'trial_id': 'b91dbd4b', 'target_rung': 0, 'epochs': 5}"
1767928361.990401,5.056995,0,50b2491a,"{'lr': 0.0005234649453907136, 'batch_size': 16, 'dropout': 0.09979288729852723, 'reg_weight': 0.00017016258420527743, 'mahalanobis_threshold': 21.22797423308401, 'kernel_size': np.int64(3), 'tcn_channel_size': np.int64(32), 'num_tcn_layers': np.int64(4), 'model': 'eskf_tcn', 'trial_id': '50b2491a', 'target_rung': 0, 'epochs': 5}"
1767928369.451802,2.913602,3,56ca4548,"{'lr': 0.0005730999205894576, 'batch_size': 16, 'dropout': 0.1524450909900219, 'reg_weight': 0.000163603994124121, 'mahalanobis_threshold': 18.91030453850533, 'kernel_size': np.int64(3), 'tcn_channel_size': np.int64(96), 'num_tcn_layers': np.int64(4), 'model': 'eskf_tcn', 'trial_id': '56ca4548', 'target_rung': 3, 'epochs': 40}"
1767928394.64968,2.946812,2,50bb28ae,"{'lr': 0.0006346355754941792, 'batch_size': 16, 'dropout': 0.09697226505403599, 'reg_weight': 0.00038469491152725525, 'mahalanobis_threshold': 8.0, 'kernel_size': np.int64(3), 'tcn_channel_size': np.int64(96), 'num_tcn_layers': np.int64(4), 'model': 'eskf_tcn', 'trial_id': '50bb28ae', 'target_rung': 2, 'epochs': 20}"
1767928431.646729,3.470103,3,e4e53647,"{'lr': 0.0006338536632998863, 'batch_size': 16, 'dropout': 0.15272530597368436, 'reg_weight': 9.317538166268713e-05, 'mahalanobis_threshold': 20.95316978424481, 'kernel_size': np.int64(3), 'tcn_channel_size': np.int64(32), 'num_tcn_layers': np.int64(4), 'model': 'eskf_tcn', 'trial_id': 'e4e53647', 'target_rung': 3, 'epochs': 40}"
1767928494.5958881,4.292119,1,73b9b0be,"{'lr': 0.000970670598142442, 'batch_size': 16, 'dropout': 0.15160986108929803, 'reg_weight': 0.0006276965075208423, 'mahalanobis_threshold': 8.0, 'kernel_size': np.int64(3), 'tcn_channel_size': np.int64(64), 'num_tcn_layers': np.int64(5), 'model': 'eskf_tcn', 'trial_id': '73b9b0be', 'target_rung': 1, 'epochs': 10}"
1767928497.509923,4.545385,0,40c78a45,"{'lr': 0.0005357244778480876, 'batch_size': 16, 'dropout': 0.10364540600871022, 'reg_weight': 0.0003289979006831106, 'mahalanobis_threshold': 20.815484241037517, 'kernel_size': np.int64(3), 'tcn_channel_size': np.int64(96), 'num_tcn_layers': np.int64(4), 'model': 'eskf_tcn', 'trial_id': '40c78a45', 'target_rung': 0, 'epochs': 5}"
1767928571.905737,4.026824,4,0c5fea48,"{'lr': 0.0007071734611104232, 'batch_size': 16, 'dropout': 0.15817921588915268, 'reg_weight': 0.0002457674407394625, 'mahalanobis_threshold': 8.0, 'kernel_size': np.int64(5), 'tcn_channel_size': np.int64(64), 'num_tcn_layers': np.int64(3), 'model': 'eskf_tcn', 'trial_id': '0c5fea48', 'target_rung': 4, 'epochs': 80}"
1767928589.945426,5.277701,1,46cfa8db,"{'lr': 0.000518910453306583, 'batch_size': 16, 'dropout': 0.0930260648223103, 'reg_weight': 0.0007590435984752377, 'mahalanobis_threshold': 20.76140148580048, 'kernel_size': np.int64(3), 'tcn_channel_size': np.int64(96), 'num_tcn_layers': np.int64(3), 'model': 'eskf_tcn', 'trial_id': '46cfa8db', 'target_rung': 1, 'epochs': 10}"
1767928667.585142,4.083882,0,c91571d1,"{'lr': 0.0009672277855123592, 'batch_size': 16, 'dropout': 0.15138163209595384, 'reg_weight': 9.639930445597807e-05, 'mahalanobis_threshold': 21.333204212075078, 'kernel_size': np.int64(3), 'tcn_channel_size': np.int64(64), 'num_tcn_layers': np.int64(4), 'model': 'eskf_tcn', 'trial_id': 'c91571d1', 'target_rung': 0, 'epochs': 5}"
1767928706.153183,3.880321,1,50b2491a,"{'lr': 0.0005234649453907136, 'batch_size': 16, 'dropout': 0.09979288729852723, 'reg_weight': 0.00017016258420527743, 'mahalanobis_threshold': 21.22797423308401, 'kernel_size': np.int64(3), 'tcn_channel_size': np.int64(32), 'num_tcn_layers': np.int64(4), 'model': 'eskf_tcn', 'trial_id': '50b2491a', 'target_rung': 1, 'epochs': 10}"
1767928808.143769,3.109541,1,35a09031,"{'lr': 0.000531820022116901, 'batch_size': 16, 'dropout': 0.1034837663789585, 'reg_weight': 0.0007370880831253476, 'mahalanobis_threshold': 8.0, 'kernel_size': np.int64(3), 'tcn_channel_size': np.int64(64), 'num_tcn_layers': np.int64(4), 'model': 'eskf_tcn', 'trial_id': '35a09031', 'target_rung': 1, 'epochs': 10}"
1767928818.5865479,4.547494,0,2fb0b042,"{'lr': 0.0005300299568121329, 'batch_size': 16, 'dropout': 0.15142770777948047, 'reg_weight': 0.00013182479973430645, 'mahalanobis_threshold': 20.804199123621363, 'kernel_size': np.int64(3), 'tcn_channel_size': np.int64(96), 'num_tcn_layers': np.int64(5), 'model': 'eskf_tcn', 'trial_id': '2fb0b042', 'target_rung': 0, 'epochs': 5}"
1767928850.78669,3.772393,1,b91dbd4b,"{'lr': 0.000527833254710724, 'batch_size': 16, 'dropout': 0.09886066245376407, 'reg_weight': 0.0006239332855699455, 'mahalanobis_threshold': 8.0, 'kernel_size': np.int64(3), 'tcn_channel_size': np.int64(64), 'num_tcn_layers': np.int64(5), 'model': 'eskf_tcn', 'trial_id': 'b91dbd4b', 'target_rung': 1, 'epochs': 10}"
1767928919.259249,6.481203,0,56cf0773,"{'lr': 0.0005092481282863401, 'batch_size': 16, 'dropout': 0.09529638324434096, 'reg_weight': 0.00034167023337929714, 'mahalanobis_threshold': 19.270614810207313, 'kernel_size': np.int64(3), 'tcn_channel_size': np.int64(96), 'num_tcn_layers': np.int64(3), 'model': 'eskf_tcn', 'trial_id': '56cf0773', 'target_rung': 0, 'epochs': 5}"
1767929056.668687,3.488767,1,40c78a45,"{'lr': 0.0005357244778480876, 'batch_size': 16, 'dropout': 0.10364540600871022, 'reg_weight': 0.0003289979006831106, 'mahalanobis_threshold': 20.815484241037517, 'kernel_size': np.int64(3), 'tcn_channel_size': np.int64(96), 'num_tcn_layers': np.int64(4), 'model': 'eskf_tcn', 'trial_id': '40c78a45', 'target_rung': 1, 'epochs': 10}"
1767929057.3816588,4.393624,0,16bfd9e3,"{'lr': 0.0005367019017925048, 'batch_size': 16, 'dropout': 0.1517721013099058, 'reg_weight': 0.00012853922314011034, 'mahalanobis_threshold': 21.850415230741014, 'kernel_size': np.int64(3), 'tcn_channel_size': np.int64(96), 'num_tcn_layers': np.int64(4), 'model': 'eskf_tcn', 'trial_id': '16bfd9e3', 'target_rung': 0, 'epochs': 5}"
1767929087.0043,4.649166,0,1c048c6c,"{'lr': 0.0005123006339326463, 'batch_size': 16, 'dropout': 0.15360572675477677, 'reg_weight': 9.61156661268595e-05, 'mahalanobis_threshold': 21.794013716829028, 'kernel_size': np.int64(3), 'tcn_channel_size': np.int64(96), 'num_tcn_layers': np.int64(5), 'model': 'eskf_tcn', 'trial_id': '1c048c6c', 'target_rung': 0, 'epochs': 5}"
1767929135.4106932,4.292119,2,73b9b0be,"{'lr': 0.000970670598142442, 'batch_size': 16, 'dropout': 0.15160986108929803, 'reg_weight': 0.0006276965075208423, 'mahalanobis_threshold': 8.0, 'kernel_size': np.int64(3), 'tcn_channel_size': np.int64(64), 'num_tcn_layers': np.int64(5), 'model': 'eskf_tcn', 'trial_id': '73b9b0be', 'target_rung': 2, 'epochs': 20}"
1767929149.951749,4.075594,4,7c2001b6,"{'lr': 6.0039207059945076e-05, 'batch_size': 16, 'dropout': 0.1016925405090434, 'reg_weight': 2.1431697423872795e-05, 'mahalanobis_threshold': 14.273932314711306, 'kernel_size': 5, 'tcn_channel_size': 96, 'num_tcn_layers': 4, 'model': 'eskf_tcn', 'trial_id': '7c2001b6', 'target_rung': 4, 'epochs': 80}"
1767929334.284107,4.547494,1,2fb0b042,"{'lr': 0.0005300299568121329, 'batch_size': 16, 'dropout': 0.15142770777948047, 'reg_weight': 0.00013182479973430645, 'mahalanobis_threshold': 20.804199123621363, 'kernel_size': np.int64(3), 'tcn_channel_size': np.int64(96), 'num_tcn_layers': np.int64(5), 'model': 'eskf_tcn', 'trial_id': '2fb0b042', 'target_rung': 1, 'epochs': 10}"
1767929395.915801,4.064721,0,49082eb5,"{'lr': 0.0005355370886560626, 'batch_size': 16, 'dropout': 0.09913915466193149, 'reg_weight': 0.00012912096150468288, 'mahalanobis_threshold': 21.130469600747883, 'kernel_size': np.int64(3), 'tcn_channel_size': np.int64(64), 'num_tcn_layers': np.int64(4), 'model': 'eskf_tcn', 'trial_id': '49082eb5', 'target_rung': 0, 'epochs': 5}"
1767929455.206082,3.564487,2,50b2491a,"{'lr': 0.0005234649453907136, 'batch_size': 16, 'dropout': 0.09979288729852723, 'reg_weight': 0.00017016258420527743, 'mahalanobis_threshold': 21.22797423308401, 'kernel_size': np.int64(3), 'tcn_channel_size': np.int64(32), 'num_tcn_layers': np.int64(4), 'model': 'eskf_tcn', 'trial_id': '50b2491a', 'target_rung': 2, 'epochs': 20}"
1767929510.09088,3.03503,2,35a09031,"{'lr': 0.000531820022116901, 'batch_size': 16, 'dropout': 0.1034837663789585, 'reg_weight': 0.0007370880831253476, 'mahalanobis_threshold': 8.0, 'kernel_size': np.int64(3), 'tcn_channel_size': np.int64(64), 'num_tcn_layers': np.int64(4), 'model': 'eskf_tcn', 'trial_id': '35a09031', 'target_rung': 2, 'epochs': 20}"
1767929510.9092019,2.946812,3,50bb28ae,"{'lr': 0.0006346355754941792, 'batch_size': 16, 'dropout': 0.09697226505403599, 'reg_weight': 0.00038469491152725525, 'mahalanobis_threshold': 8.0, 'kernel_size': np.int64(3), 'tcn_channel_size': np.int64(96), 'num_tcn_layers': np.int64(4), 'model': 'eskf_tcn', 'trial_id': '50bb28ae', 'target_rung': 3, 'epochs': 40}"
1767929595.185962,3.497574,2,b91dbd4b,"{'lr': 0.000527833254710724, 'batch_size': 16, 'dropout': 0.09886066245376407, 'reg_weight': 0.0006239332855699455, 'mahalanobis_threshold': 8.0, 'kernel_size': np.int64(3), 'tcn_channel_size': np.int64(64), 'num_tcn_layers': np.int64(5), 'model': 'eskf_tcn', 'trial_id': 'b91dbd4b', 'target_rung': 2, 'epochs': 20}"
1767929659.5298932,3.780083,1,16bfd9e3,"{'lr': 0.0005367019017925048, 'batch_size': 16, 'dropout': 0.1517721013099058, 'reg_weight': 0.00012853922314011034, 'mahalanobis_threshold': 21.850415230741014, 'kernel_size': np.int64(3), 'tcn_channel_size': np.int64(96), 'num_tcn_layers': np.int64(4), 'model': 'eskf_tcn', 'trial_id': '16bfd9e3', 'target_rung': 1, 'epochs': 10}"
1767929704.526447,4.649166,1,1c048c6c,"{'lr': 0.0005123006339326463, 'batch_size': 16, 'dropout': 0.15360572675477677, 'reg_weight': 9.61156661268595e-05, 'mahalanobis_threshold': 21.794013716829028, 'kernel_size': np.int64(3), 'tcn_channel_size': np.int64(96), 'num_tcn_layers': np.int64(5), 'model': 'eskf_tcn', 'trial_id': '1c048c6c', 'target_rung': 1, 'epochs': 10}"
1767929773.1557581,4.273364,0,5f467799,"{'lr': 0.0005306766241618208, 'batch_size': 16, 'dropout': 0.15229697961892602, 'reg_weight': 0.0001241976603015446, 'mahalanobis_threshold': 21.22140068728351, 'kernel_size': np.int64(3), 'tcn_channel_size': np.int64(96), 'num_tcn_layers': np.int64(4), 'model': 'eskf_tcn', 'trial_id': '5f467799', 'target_rung': 0, 'epochs': 5}"
1767929838.367585,2.804467,2,40c78a45,"{'lr': 0.0005357244778480876, 'batch_size': 16, 'dropout': 0.10364540600871022, 'reg_weight': 0.0003289979006831106, 'mahalanobis_threshold': 20.815484241037517, 'kernel_size': np.int64(3), 'tcn_channel_size': np.int64(96), 'num_tcn_layers': np.int64(4), 'model': 'eskf_tcn', 'trial_id': '40c78a45', 'target_rung': 2, 'epochs': 20}"
1767929914.615216,3.444342,1,49082eb5,"{'lr': 0.0005355370886560626, 'batch_size': 16, 'dropout': 0.09913915466193149, 'reg_weight': 0.00012912096150468288, 'mahalanobis_threshold': 21.130469600747883, 'kernel_size': np.int64(3), 'tcn_channel_size': np.int64(64), 'num_tcn_layers': np.int64(4), 'model': 'eskf_tcn', 'trial_id': '49082eb5', 'target_rung': 1, 'epochs': 10}"
1767930053.7596722,3.873112,1,c91571d1,"{'lr': 0.0009672277855123592, 'batch_size': 16, 'dropout': 0.15138163209595384, 'reg_weight': 9.639930445597807e-05, 'mahalanobis_threshold': 21.333204212075078, 'kernel_size': np.int64(3), 'tcn_channel_size': np.int64(64), 'num_tcn_layers': np.int64(4), 'model': 'eskf_tcn', 'trial_id': 'c91571d1', 'target_rung': 1, 'epochs': 10}"
1767930063.6689222,4.547494,2,2fb0b042,"{'lr': 0.0005300299568121329, 'batch_size': 16, 'dropout': 0.15142770777948047, 'reg_weight': 0.00013182479973430645, 'mahalanobis_threshold': 20.804199123621363, 'kernel_size': np.int64(3), 'tcn_channel_size': np.int64(96), 'num_tcn_layers': np.int64(5), 'model': 'eskf_tcn', 'trial_id': '2fb0b042', 'target_rung': 2, 'epochs': 20}"
1767930108.312435,3.470103,4,e4e53647,"{'lr': 0.0006338536632998863, 'batch_size': 16, 'dropout': 0.15272530597368436, 'reg_weight': 9.317538166268713e-05, 'mahalanobis_threshold': 20.95316978424481, 'kernel_size': np.int64(3), 'tcn_channel_size': np.int64(32), 'num_tcn_layers': np.int64(4), 'model': 'eskf_tcn', 'trial_id': 'e4e53647', 'target_rung': 4, 'epochs': 80}"
1767930309.016418,3.578407,1,5f467799,"{'lr': 0.0005306766241618208, 'batch_size': 16, 'dropout': 0.15229697961892602, 'reg_weight': 0.0001241976603015446, 'mahalanobis_threshold': 21.22140068728351, 'kernel_size': np.int64(3), 'tcn_channel_size': np.int64(96), 'num_tcn_layers': np.int64(4), 'model': 'eskf_tcn', 'trial_id': '5f467799', 'target_rung': 1, 'epochs': 10}"
1767930348.337257,2.913602,4,56ca4548,"{'lr': 0.0005730999205894576, 'batch_size': 16, 'dropout': 0.1524450909900219, 'reg_weight': 0.000163603994124121, 'mahalanobis_threshold': 18.91030453850533, 'kernel_size': np.int64(3), 'tcn_channel_size': np.int64(96), 'num_tcn_layers': np.int64(4), 'model': 'eskf_tcn', 'trial_id': '56ca4548', 'target_rung': 4, 'epochs': 80}"
1767930366.976426,4.090493,3,73b9b0be,"{'lr': 0.000970670598142442, 'batch_size': 16, 'dropout': 0.15160986108929803, 'reg_weight': 0.0006276965075208423, 'mahalanobis_threshold': 8.0, 'kernel_size': np.int64(3), 'tcn_channel_size': np.int64(64), 'num_tcn_layers': np.int64(5), 'model': 'eskf_tcn', 'trial_id': '73b9b0be', 'target_rung': 3, 'epochs': 40}"
1767930450.3553479,3.564487,3,50b2491a,"{'lr': 0.0005234649453907136, 'batch_size': 16, 'dropout': 0.09979288729852723, 'reg_weight': 0.00017016258420527743, 'mahalanobis_threshold': 21.22797423308401, 'kernel_size': np.int64(3), 'tcn_channel_size': np.int64(32), 'num_tcn_layers': np.int64(4), 'model': 'eskf_tcn', 'trial_id': '50b2491a', 'target_rung': 3, 'epochs': 40}"
1767930506.2009542,4.336385,0,44e5913d,"{'lr': 0.0005420524412111143, 'batch_size': 16, 'dropout': 0.09543532982540207, 'reg_weight': 0.0003437625801302019, 'mahalanobis_threshold': 8.0, 'kernel_size': np.int64(5), 'tcn_channel_size': np.int64(64), 'num_tcn_layers': np.int64(4), 'model': 'eskf_tcn', 'trial_id': '44e5913d', 'target_rung': 0, 'epochs': 5}"
1767930598.8884501,4.186534,0,32e69aff,"{'lr': 0.0005296102269525218, 'batch_size': 16, 'dropout': 0.09990549263911887, 'reg_weight': 0.00030398676048142177, 'mahalanobis_threshold': 19.138450792013977, 'kernel_size': np.int64(3), 'tcn_channel_size': np.int64(96), 'num_tcn_layers': np.int64(5), 'model': 'eskf_tcn', 'trial_id': '32e69aff', 'target_rung': 0, 'epochs': 5}"
1767930626.58367,3.03503,3,35a09031,"{'lr': 0.000531820022116901, 'batch_size': 16, 'dropout': 0.1034837663789585, 'reg_weight': 0.0007370880831253476, 'mahalanobis_threshold': 8.0, 'kernel_size': np.int64(3), 'tcn_channel_size': np.int64(64), 'num_tcn_layers': np.int64(4), 'model': 'eskf_tcn', 'trial_id': '35a09031', 'target_rung': 3, 'epochs': 40}"
1767930666.312958,3.008509,2,1b30a452,"{'lr': 0.0005028528882485954, 'batch_size': 16, 'dropout': 0.09395409344930021, 'reg_weight': 0.001, 'mahalanobis_threshold': 8.0, 'kernel_size': np.int64(3), 'tcn_channel_size': np.int64(96), 'num_tcn_layers': np.int64(4), 'model': 'eskf_tcn', 'trial_id': '1b30a452', 'target_rung': 2, 'epochs': 20}"
1767930694.706805,3.406961,0,42872b59,"{'lr': 0.0005272533551095034, 'batch_size': 16, 'dropout': 0.10170844853126673, 'reg_weight': 0.0003113458850596637, 'mahalanobis_threshold': 18.87481540276979, 'kernel_size': np.int64(3), 'tcn_channel_size': np.int64(64), 'num_tcn_layers': np.int64(4), 'model': 'eskf_tcn', 'trial_id': '42872b59', 'target_rung': 0, 'epochs': 5}"
1767930760.058505,3.444342,2,49082eb5,"{'lr': 0.0005355370886560626, 'batch_size': 16, 'dropout': 0.09913915466193149, 'reg_weight': 0.00012912096150468288, 'mahalanobis_threshold': 21.130469600747883, 'kernel_size': np.int64(3), 'tcn_channel_size': np.int64(64), 'num_tcn_layers': np.int64(4), 'model': 'eskf_tcn', 'trial_id': '49082eb5', 'target_rung': 2, 'epochs': 20}"
1767930762.9706612,3.497574,3,b91dbd4b,"{'lr': 0.000527833254710724, 'batch_size': 16, 'dropout': 0.09886066245376407, 'reg_weight': 0.0006239332855699455, 'mahalanobis_threshold': 8.0, 'kernel_size': np.int64(3), 'tcn_channel_size': np.int64(64), 'num_tcn_layers': np.int64(5), 'model': 'eskf_tcn', 'trial_id': 'b91dbd4b', 'target_rung': 3, 'epochs': 40}"
1767930825.025058,4.936118,0,8088d193,"{'lr': 0.000530915733558218, 'batch_size': 16, 'dropout': 0.09553735863329313, 'reg_weight': 0.0002069793224128856, 'mahalanobis_threshold': 19.524537704992937, 'kernel_size': np.int64(7), 'tcn_channel_size': np.int64(96), 'num_tcn_layers': np.int64(4), 'model': 'eskf_tcn', 'trial_id': '8088d193', 'target_rung': 0, 'epochs': 5}"
1767931024.612621,3.4167,2,c91571d1,"{'lr': 0.0009672277855123592, 'batch_size': 16, 'dropout': 0.15138163209595384, 'reg_weight': 9.639930445597807e-05, 'mahalanobis_threshold': 21.333204212075078, 'kernel_size': np.int64(3), 'tcn_channel_size': np.int64(64), 'num_tcn_layers': np.int64(4), 'model': 'eskf_tcn', 'trial_id': 'c91571d1', 'target_rung': 2, 'epochs': 20}"
1767931026.649271,2.804467,3,40c78a45,"{'lr': 0.0005357244778480876, 'batch_size': 16, 'dropout': 0.10364540600871022, 'reg_weight': 0.0003289979006831106, 'mahalanobis_threshold': 20.815484241037517, 'kernel_size': np.int64(3), 'tcn_channel_size': np.int64(96), 'num_tcn_layers': np.int64(4), 'model': 'eskf_tcn', 'trial_id': '40c78a45', 'target_rung': 3, 'epochs': 40}"
1767931036.541905,3.495872,0,fabebd01,"{'lr': 0.0005457502583563257, 'batch_size': 16, 'dropout': 0.10060338894822399, 'reg_weight': 0.000222689514039404, 'mahalanobis_threshold': 18.172116638368053, 'kernel_size': np.int64(3), 'tcn_channel_size': np.int64(64), 'num_tcn_layers': np.int64(4), 'model': 'eskf_tcn', 'trial_id': 'fabebd01', 'target_rung': 0, 'epochs': 5}"
1767931059.436136,3.262508,1,42872b59,"{'lr': 0.0005272533551095034, 'batch_size': 16, 'dropout': 0.10170844853126673, 'reg_weight': 0.0003113458850596637, 'mahalanobis_threshold': 18.87481540276979, 'kernel_size': np.int64(3), 'tcn_channel_size': np.int64(64), 'num_tcn_layers': np.int64(4), 'model': 'eskf_tcn', 'trial_id': '42872b59', 'target_rung': 1, 'epochs': 10}"
1767931089.320145,3.500112,2,5f467799,"{'lr': 0.0005306766241618208, 'batch_size': 16, 'dropout': 0.15229697961892602, 'reg_weight': 0.0001241976603015446, 'mahalanobis_threshold': 21.22140068728351, 'kernel_size': np.int64(3), 'tcn_channel_size': np.int64(96), 'num_tcn_layers': np.int64(4), 'model': 'eskf_tcn', 'trial_id': '5f467799', 'target_rung': 2, 'epochs': 20}"
1767931264.426775,3.974639,0,eb2751c5,"{'lr': 0.0005379948359358154, 'batch_size': 16, 'dropout': 0.09586939542533912, 'reg_weight': 0.00025989028713028844, 'mahalanobis_threshold': 19.523275691628328, 'kernel_size': np.int64(3), 'tcn_channel_size': np.int64(64), 'num_tcn_layers': np.int64(4), 'model': 'eskf_tcn', 'trial_id': 'eb2751c5', 'target_rung': 0, 'epochs': 5}"
1767931273.348851,4.145454,0,69446c16,"{'lr': 0.0005222732525911644, 'batch_size': 16, 'dropout': 0.09118028620243704, 'reg_weight': 0.0002763441246584708, 'mahalanobis_threshold': 20.017768536738007, 'kernel_size': np.int64(3), 'tcn_channel_size': np.int64(64), 'num_tcn_layers': np.int64(4), 'model': 'eskf_tcn', 'trial_id': '69446c16', 'target_rung': 0, 'epochs': 5}"
1767931367.002937,4.936118,1,8088d193,"{'lr': 0.000530915733558218, 'batch_size': 16, 'dropout': 0.09553735863329313, 'reg_weight': 0.0002069793224128856, 'mahalanobis_threshold': 19.524537704992937, 'kernel_size': np.int64(7), 'tcn_channel_size': np.int64(96), 'num_tcn_layers': np.int64(4), 'model': 'eskf_tcn', 'trial_id': '8088d193', 'target_rung': 1, 'epochs': 10}"
1767931565.11102,3.487931,1,32e69aff,"{'lr': 0.0005296102269525218, 'batch_size': 16, 'dropout': 0.09990549263911887, 'reg_weight': 0.00030398676048142177, 'mahalanobis_threshold': 19.138450792013977, 'kernel_size': np.int64(3), 'tcn_channel_size': np.int64(96), 'num_tcn_layers': np.int64(5), 'model': 'eskf_tcn', 'trial_id': '32e69aff', 'target_rung': 1, 'epochs': 10}"
